create database  test_partition;
use test_partition;

create table course(
course_name varchar(50) ,
course_id int(10) , 
course_title varchar(60),
corse_desc varchar(60),
launch_date date,
course_fee int,
course_mentor varchar(60),
course_lauch_year int);

drop table course;

insert into course values('machine_learning' , 101 , 'ML', "this is ML course" ,'2019-07-07',3540,'sudhanshu',2019) ,
('aiops' , 102 , 'ML', "this is aiops course" ,'2019-07-07',3540,'sudhanshu',2019) ,
('dlcvnlp' , 103 , 'ML', "this is ML course" ,'2020-07-07',3540,'sudhanshu',2020) ,
('aws cloud' , 104 , 'ML', "this is ML course" ,'2020-07-07',3540,'sudhanshu',2020) ,
('blockchain' , 105 , 'ML', "this is ML course" ,'2021-07-07',3540,'sudhanshu',2021) ,
('RL' , 106 , 'ML', "this is ML course" ,'2022-07-07',3540,'sudhanshu',2022) ,
('Dl' , 107 , 'ML', "this is ML course" ,'2022-07-07',3540,'sudhanshu',2022) ,
('interview prep' , 108 , 'ML', "this is ML course" ,'2019-07-07',3540,'sudhanshu',2019) ,
('big data' , 109 , 'ML', "this is ML course" ,'2020-07-07',3540,'sudhanshu',2020) ,
('data analytics' , 110 , 'ML', "this is ML course" ,'2021-07-07',3540,'sudhanshu',2021) ,
('fsds' , 112 , 'ML', "this is ML course" ,'2022-07-07',3540,'sudhanshu',2022) ,
('fsda' , 113 , 'ML', "this is ML course" ,'2021-07-07',3540,'sudhanshu',2021) ,
('fabe' , 114 , 'ML', "this is ML course" ,'2022-07-07',3540,'sudhanshu',2022) ,
('java' , 116 , 'ML', "this is ML course" ,'2020-07-07',3540,'sudhanshu',2020) ,
('MERN' , 117 , 'ML', "this is ML course" ,'2019-07-07',3540,'sudhanshu',2019),
('Dl' , 118 , 'ML', "this is ML course" ,'2022-07-07',3540,'sudhanshu',2022);

select * from  course where course_lauch_year = 2020;

create table  courses1(
course_name varchar(50),
course_id int(10),
course_title varchar(60),
course_desc varchar(80),
launch_date date,
course_fee int,
course_mentor varchar(60),
course_launch_year int)
partition by range(course_launch_year)(
partition p0 values less than (2019),
partition p1 values less than (2020),
partition p2 values less than (2021),
partition p3 values less than (2022),
partition p4 values less than (2023));

insert into courses1 values('machine_learning' , 101 , 'ML', "this is ML course" ,'2019-07-07',3540,'sudhanshu',2019) ,
('aiops' , 102 , 'ML', "this is aiops course" ,'2019-07-07',3540,'sudhanshu',2019) ,
('dlcvnlp' , 103 , 'ML', "this is ML course" ,'2020-07-07',3540,'sudhanshu',2020) ,
('aws cloud' , 104 , 'ML', "this is ML course" ,'2020-07-07',3540,'sudhanshu',2020) ,
('blockchain' , 105 , 'ML', "this is ML course" ,'2021-07-07',3540,'sudhanshu',2021) ,
('RL' , 106 , 'ML', "this is ML course" ,'2022-07-07',3540,'sudhanshu',2022) ,
('Dl' , 107 , 'ML', "this is ML course" ,'2022-07-07',3540,'sudhanshu',2022) ,
('interview prep' , 108 , 'ML', "this is ML course" ,'2019-07-07',3540,'sudhanshu',2019) ,
('big data' , 109 , 'ML', "this is ML course" ,'2020-07-07',3540,'sudhanshu',2020) ,
('data analytics' , 110 , 'ML', "this is ML course" ,'2021-07-07',3540,'sudhanshu',2021) ,
('fsds' , 112 , 'ML', "this is ML course" ,'2022-07-07',3540,'sudhanshu',2022) ,
('fsda' , 113 , 'ML', "this is ML course" ,'2021-07-07',3540,'sudhanshu',2021) ,
('fabe' , 114 , 'ML', "this is ML course" ,'2022-07-07',3540,'sudhanshu',2022) ,
('java' , 116 , 'ML', "this is ML course" ,'2020-07-07',3540,'sudhanshu',2020) ,
('MERN' , 117 , 'ML', "this is ML course" ,'2019-07-07',3540,'sudhanshu',2019),
('Dl' , 118 , 'ML', "this is ML course" ,'2022-07-07',3540,'sudhanshu',2022);


select * from  courses1 where course_launch_year = 2021;

select * from  course where course_lauch_year = 2021;

select partition_name , table_name , table_rows from information_schema.partitions where table_name = 'courses1';

create table  courses2(
course_name varchar(50),
course_id int(10),
course_title varchar(60),
course_desc varchar(80),
launch_date date,
course_fee int,
course_mentor varchar(60),
course_launch_year int)
partition by hash(course_launch_year)
partitions 5;

select partition_name , table_name , table_rows from information_schema.partitions where table_name = 'courses2';

create table  courses3(
course_name varchar(50),
course_id int(10),
course_title varchar(60),
course_desc varchar(80),
launch_date date,
course_fee int,
course_mentor varchar(60),
course_launch_year int)
partition by hash(course_launch_year)
partitions 10;


insert into courses3 values('machine_learning' , 101 , 'ML', "this is ML course" ,'2019-07-07',3540,'sudhanshu',2019) ,
('aiops' , 102 , 'ML', "this is aiops course" ,'2019-07-07',3540,'sudhanshu',2019) ,
('dlcvnlp' , 103 , 'ML', "this is ML course" ,'2020-07-07',3540,'sudhanshu',2020) ,
('aws cloud' , 104 , 'ML', "this is ML course" ,'2020-07-07',3540,'sudhanshu',2020) ,
('blockchain' , 105 , 'ML', "this is ML course" ,'2021-07-07',3540,'sudhanshu',2021) ,
('RL' , 106 , 'ML', "this is ML course" ,'2022-07-07',3540,'sudhanshu',2022) ,
('Dl' , 107 , 'ML', "this is ML course" ,'2022-07-07',3540,'sudhanshu',2022) ,
('interview prep' , 108 , 'ML', "this is ML course" ,'2019-07-07',3540,'sudhanshu',2019) ,
('big data' , 109 , 'ML', "this is ML course" ,'2020-07-07',3540,'sudhanshu',2020) ,
('data analytics' , 110 , 'ML', "this is ML course" ,'2021-07-07',3540,'sudhanshu',2021) ,
('fsds' , 112 , 'ML', "this is ML course" ,'2022-07-07',3540,'sudhanshu',2022) ,
('fsda' , 113 , 'ML', "this is ML course" ,'2021-07-07',3540,'sudhanshu',2021) ,
('fabe' , 114 , 'ML', "this is ML course" ,'2022-07-07',3540,'sudhanshu',2022) ,
('java' , 116 , 'ML', "this is ML course" ,'2020-07-07',3540,'sudhanshu',2020) ,
('MERN' , 117 , 'ML', "this is ML course" ,'2019-07-07',3540,'sudhanshu',2019),
('Dl' , 118 , 'ML', "this is ML course" ,'2022-07-07',3540,'sudhanshu',2022);

select partition_name , table_name , table_rows from information_schema.partitions where table_name = 'courses3';
select * from  courses3 where course_launch_year = 2021;
SELECT MD5('Dl');

 
create table  courses4(
course_name varchar(50) ,
course_id int(10) ,
course_title varchar(60),
course_desc varchar(80),
launch_date date,
course_fee int,
course_mentor varchar(60),
course_launch_year int)
partition by list(course_launch_year)(
partition p0 values in(2019,2020),
partition p1 values in(2022,2021)
);

select partition_name , table_name , table_rows from information_schema.partitions where table_name = 'courses4';

insert into courses4 values('machine_learning' , 101 , 'ML', "this is ML course" ,'2019-07-07',3540,'sudhanshu',2019) ,
('aiops' , 102 , 'ML', "this is aiops course" ,'2019-07-07',3540,'sudhanshu',2019) ,
('dlcvnlp' , 103 , 'ML', "this is ML course" ,'2020-07-07',3540,'sudhanshu',2020) ,
('aws cloud' , 104 , 'ML', "this is ML course" ,'2020-07-07',3540,'sudhanshu',2020) ,
('blockchain' , 105 , 'ML', "this is ML course" ,'2021-07-07',3540,'sudhanshu',2021) ,
('RL' , 106 , 'ML', "this is ML course" ,'2022-07-07',3540,'sudhanshu',2022) ,
('Dl' , 107 , 'ML', "this is ML course" ,'2022-07-07',3540,'sudhanshu',2022) ,
('interview prep' , 108 , 'ML', "this is ML course" ,'2019-07-07',3540,'sudhanshu',2019) ,
('big data' , 109 , 'ML', "this is ML course" ,'2020-07-07',3540,'sudhanshu',2020) ,
('data analytics' , 110 , 'ML', "this is ML course" ,'2021-07-07',3540,'sudhanshu',2021) ,
('fsds' , 112 , 'ML', "this is ML course" ,'2022-07-07',3540,'sudhanshu',2022) ,
('fsda' , 113 , 'ML', "this is ML course" ,'2021-07-07',3540,'sudhanshu',2021) ,
('fabe' , 114 , 'ML', "this is ML course" ,'2022-07-07',3540,'sudhanshu',2022) ,
('java' , 116 , 'ML', "this is ML course" ,'2020-07-07',3540,'sudhanshu',2020) ,
('MERN' , 117 , 'ML', "this is ML course" ,'2019-07-07',3540,'sudhanshu',2019),
('Dl' , 118 , 'ML', "this is ML course" ,'2022-07-07',3540,'sudhanshu',2022);

create table courses5(
course_name varchar(50) ,
course_id int(10) ,
course_title varchar(60),
course_desc varchar(80),
launch_date date,
course_fee int,
course_mentor varchar(60),
course_launch_year int)
partition by range columns(course_name ,course_id,course_launch_year )(
partition p0 values less than ('aiops',105,2019),
partition p1 values less than ('fsds' ,110,2021),
partition p2 values less than ('MERN',116,2023)
);

select partition_name , table_name , table_rows from information_schema.partitions where table_name = 'courses5';

insert  ignore into  courses5 values('machine_learning' , 101 , 'ML', "this is ML course" ,'2019-07-07',3540,'sudhanshu',2019) ,

('aiops' , 102 , 'ML', "this is aiops course" ,'2019-07-07',3540,'sudhanshu',2019) ,
('dlcvnlp' , 103 , 'ML', "this is ML course" ,'2020-07-07',3540,'sudhanshu',2020) ,
('aws cloud' , 104 , 'ML', "this is ML course" ,'2020-07-07',3540,'sudhanshu',2020) ,
('blockchain' , 105, 'ML', "this is ML course" ,'2021-07-07',3540,'sudhanshu',2021) ,
('RL' , 106 , 'ML', "this is ML course" ,'2022-07-07',3540,'sudhanshu',2022) ,
('Dl' , 107 , 'ML', "this is ML course" ,'2022-07-07',3540,'sudhanshu',2022) ,
('interview prep' , 108 , 'ML', "this is ML course" ,'2019-07-07',3540,'sudhanshu',2019) ,
('big data' , 109 , 'ML', "this is ML course" ,'2020-07-07',3540,'sudhanshu',2020) ,
('data analytics' , 110 , 'ML', "this is ML course" ,'2021-07-07',3540,'sudhanshu',2021) ,
('fsds' , 1011 , 'ML', "this is ML course" ,'2022-07-07',3540,'sudhanshu',2022) ,
('fsda' , 1012 , 'ML', "this is ML course" ,'2021-07-07',3540,'sudhanshu',2021) ,
('fabe' , 1013 , 'ML', "this is ML course" ,'2022-07-07',3540,'sudhanshu',2022) ,
('java' , 1014 , 'ML', "this is ML course" ,'2020-07-07',3540,'sudhanshu',2020) ,
('MERN' , 1015 , 'ML', "this is ML course" ,'2019-07-07',3540,'sudhanshu',2019);


select ('aiops',105,2019) < ('fsds' ,110,2021);
select 'a' > 'b';


create table courses9(
course_name varchar(50) ,
course_id int(10) ,
course_title varchar(60),
course_desc varchar(80),
launch_date date,
course_fee int,
course_mentor varchar(60),
course_launch_year int)
partition by list columns(course_name)(
partition p0 values  in('aiops','data analytics','Dl','RL'),
partition p1 values  in('fsds' ,'big data','blockchain'),
partition p2 values  in('MERN','java','interview prep','fsda')
);

select partition_name , table_name , table_rows from information_schema.partitions where table_name = 'courses9';

insert ignore into courses9 values('machine_learning' , 101 , 'ML', "this is ML course" ,'2019-07-07',3540,'sudhanshu',2019) ,
('aiops' , 102 , 'ML', "this is aiops course" ,'2019-07-07',3540,'sudhanshu',2019) ,
('dlcvnlp' , 103 , 'ML', "this is ML course" ,'2020-07-07',3540,'sudhanshu',2020) ,
('aws cloud' , 104 , 'ML', "this is ML course" ,'2020-07-07',3540,'sudhanshu',2020) ,
('blockchain' , 105 , 'ML', "this is ML course" ,'2021-07-07',3540,'sudhanshu',2021) ,
('RL' , 106 , 'ML', "this is ML course" ,'2022-07-07',3540,'sudhanshu',2022) ,
('Dl' , 107 , 'ML', "this is ML course" ,'2022-07-07',3540,'sudhanshu',2022) ,
('interview prep' , 108 , 'ML', "this is ML course" ,'2019-07-07',3540,'sudhanshu',2019) ,
('big data' , 109 , 'ML', "this is ML course" ,'2020-07-07',3540,'sudhanshu',2020) ,
('data analytics' , 110 , 'ML', "this is ML course" ,'2021-07-07',3540,'sudhanshu',2021) ,
('fsds' , 112 , 'ML', "this is ML course" ,'2022-07-07',3540,'sudhanshu',2022) ,
('fsda' , 113 , 'ML', "this is ML course" ,'2021-07-07',3540,'sudhanshu',2021) ,
('fabe' , 114 , 'ML', "this is ML course" ,'2022-07-07',3540,'sudhanshu',2022) ,
('java' , 116 , 'ML', "this is ML course" ,'2020-07-07',3540,'sudhanshu',2020) ,
('MERN' , 117 , 'ML', "this is ML course" ,'2019-07-07',3540,'sudhanshu',2019),
('Dl' , 118 , 'ML', "this is ML course" ,'2022-07-07',3540,'sudhanshu',2022);

create table  courses6(
course_name varchar(50),
course_id int(10) primary key ,
course_title varchar(60),
course_desc varchar(80),
launch_date date,
course_fee int,
course_mentor varchar(60),
course_launch_year int)
partition by key()
partitions 10;

insert into  courses6 values('machine_learning' , 101 , 'ML', "this is ML course" ,'2019-07-07',3540,'sudhanshu',2019) ,

('aiops' , 102 , 'ML', "this is aiops course" ,'2019-07-07',3540,'sudhanshu',2019) ,
('dlcvnlp' , 103 , 'ML', "this is ML course" ,'2020-07-07',3540,'sudhanshu',2020) ,
('aws cloud' , 104 , 'ML', "this is ML course" ,'2020-07-07',3540,'sudhanshu',2020) ,
('blockchain' , 105, 'ML', "this is ML course" ,'2021-07-07',3540,'sudhanshu',2021) ,
('RL' , 106 , 'ML', "this is ML course" ,'2022-07-07',3540,'sudhanshu',2022) ,
('Dl' , 107 , 'ML', "this is ML course" ,'2022-07-07',3540,'sudhanshu',2022) ,
('interview prep' , 108 , 'ML', "this is ML course" ,'2019-07-07',3540,'sudhanshu',2019) ,
('big data' , 109 , 'ML', "this is ML course" ,'2020-07-07',3540,'sudhanshu',2020) ,
('data analytics' , 110 , 'ML', "this is ML course" ,'2021-07-07',3540,'sudhanshu',2021) ,
('fsds' , 1011 , 'ML', "this is ML course" ,'2022-07-07',3540,'sudhanshu',2022) ,
('fsda' , 1012 , 'ML', "this is ML course" ,'2021-07-07',3540,'sudhanshu',2021) ,
('fabe' , 1013 , 'ML', "this is ML course" ,'2022-07-07',3540,'sudhanshu',2022) ,
('java' , 1014 , 'ML', "this is ML course" ,'2020-07-07',3540,'sudhanshu',2020) ,
('MERN' , 1015 , 'ML', "this is ML course" ,'2019-07-07',3540,'sudhanshu',2019);

select partition_name , table_name , table_rows from information_schema.partitions where table_name = 'courses6';

create table courses7(
course_name varchar(50),
course_id int(10),
course_title varchar(60),
course_desc varchar(80),
launch_date date,
course_fee int,
course_mentor varchar(60),
course_launch_year int)
partition by range(course_launch_year)
subpartition by hash(course_launch_year)
subpartitions 5 (
partition p0 values less than (2019) ,
partition p1 values less than (2020) ,
partition p2 values less than (2021) ,
partition p3 values less than (2022) 
);

select partition_name , table_name , table_rows from information_schema.partitions where table_name = 'courses7';

insert ignore into courses7 values('machine_learning' , 101 , 'ML', "this is ML course" ,'2019-07-07',3540,'sudhanshu',2019) ,
('aiops' , 102 , 'ML', "this is aiops course" ,'2019-07-07',3540,'sudhanshu',2019) ,
('dlcvnlp' , 103 , 'ML', "this is ML course" ,'2020-07-07',3540,'sudhanshu',2020) ,
('aws cloud' , 104 , 'ML', "this is ML course" ,'2020-07-07',3540,'sudhanshu',2020) ,
('blockchain' , 105 , 'ML', "this is ML course" ,'2021-07-07',3540,'sudhanshu',2021) ,
('RL' , 106 , 'ML', "this is ML course" ,'2022-07-07',3540,'sudhanshu',2022) ,
('Dl' , 107 , 'ML', "this is ML course" ,'2022-07-07',3540,'sudhanshu',2022) ,
('interview prep' , 108 , 'ML', "this is ML course" ,'2019-07-07',3540,'sudhanshu',2019) ,
('big data' , 109 , 'ML', "this is ML course" ,'2020-07-07',3540,'sudhanshu',2020) ,
('data analytics' , 110 , 'ML', "this is ML course" ,'2021-07-07',3540,'sudhanshu',2021) ,
('fsds' , 112 , 'ML', "this is ML course" ,'2022-07-07',3540,'sudhanshu',2022) ,
('fsda' , 113 , 'ML', "this is ML course" ,'2021-07-07',3540,'sudhanshu',2021) ,
('fabe' , 114 , 'ML', "this is ML course" ,'2022-07-07',3540,'sudhanshu',2022) ,
('java' , 116 , 'ML', "this is ML course" ,'2020-07-07',3540,'sudhanshu',2020) ,
('MERN' , 117 , 'ML', "this is ML course" ,'2019-07-07',3540,'sudhanshu',2019),
('Dl' , 118 , 'ML', "this is ML course" ,'2022-07-07',3540,'sudhanshu',2022);


select * from  courses7;